{
    "name": "New Hampshire",
    "abbreviation": "NH",
	"type": "State",
	"capital": "Concord",
	"timezones": [
		{
			"name": "Eastern Time Zone",
			"abbreviation": "EST",
			"iana": "America/New_York",
			"utc": -5
		}
	],
    "cities": [
        "Acworth",
        "Albany",
        "Alexandria",
        "Allenstown",
        "Alstead",
        "Alton",
        "Amherst",
        "Andover",
        "Antrim",
        "Ashland",
        "Atkinson",
        "Auburn",
        "Barnstead",
        "Barrington",
        "Bartlett",
        "Bath",
        "Bedford",
        "Belmont",
        "Bennington",
        "Benton",
        "Berlin",
        "Bethlehem",
        "Boscawen",
        "Bow",
        "Bradford",
        "Brentwood",
        "Bridgewater",
        "Bristol",
        "Brookfield",
        "Brookline",
        "Campton",
        "Canaan",
        "Candia",
        "Canterbury",
        "Carroll",
        "Center Harbor",
        "Charlestown",
        "Chatham",
        "Chester",
        "Chesterfield",
        "Chichester",
        "Claremont",
        "Clarksville",
        "Colebrook",
        "Columbia",
        "Concord",
        "Conway",
        "Cornish",
        "Croydon",
        "Dalton",
        "Danbury",
        "Danville",
        "Deerfield",
        "Deering",
        "Derry",
        "Dorchester",
        "Dover",
        "Dublin",
        "Dummer",
        "Dunbarton",
        "Durham",
        "East Kingston",
        "Easton",
        "Eaton",
        "Effingham",
        "Ellsworth",
        "Enfield",
        "Epping",
        "Epsom",
        "Errol",
        "Exeter",
        "Farmington",
        "Fitzwilliam",
        "Francestown",
        "Franconia",
        "Franklin",
        "Freedom",
        "Fremont",
        "Gilford",
        "Gilmanton",
        "Gilsum",
        "Goffstown",
        "Gorham",
        "Goshen",
        "Grafton",
        "Grantham",
        "Greenfield",
        "Greenland",
        "Greenville",
        "Groton",
        "Hampstead",
        "Hampton",
        "Hampton Falls",
        "Hancock",
        "Hanover",
        "Harrisville",
        "Hart's Location",
        "Haverhill",
        "Hebron",
        "Henniker",
        "Hill",
        "Hillsborough",
        "Hinsdale",
        "Holderness",
        "Hollis",
        "Hooksett",
        "Hopkinton",
        "Hudson",
        "Jackson",
        "Jaffrey",
        "Jefferson",
        "Keene",
        "Kensington",
        "Kingston",
        "Laconia",
        "Lancaster",
        "Landaff",
        "Langdon",
        "Lebanon",
        "Lee",
        "Lempster",
        "Lincoln",
        "Lisbon",
        "Litchfield",
        "Littleton",
        "Londonderry",
        "Loudon",
        "Lyman",
        "Lyme",
        "Lyndeborough",
        "Madbury",
        "Madison",
        "Manchester",
        "Marlborough",
        "Marlow",
        "Mason",
        "Meredith",
        "Merrimack",
        "Middleton",
        "Milan",
        "Milford",
        "Milton",
        "Monroe",
        "Mont Vernon",
        "Moultonborough",
        "Nashua",
        "Nelson",
        "New Boston",
        "New Castle",
        "New Durham",
        "New Hampton",
        "New Ipswich",
        "New London",
        "Newbury",
        "Newfields",
        "Newington",
        "Newmarket",
        "Newport",
        "Newton",
        "North Hampton",
        "Northfield",
        "Northumberland",
        "Northwood",
        "Nottingham",
        "Orange",
        "Orford",
        "Ossipee",
        "Pelham",
        "Pembroke",
        "Peterborough",
        "Piermont",
        "Pittsburg",
        "Pittsfield",
        "Plainfield",
        "Plaistow",
        "Plymouth",
        "Portsmouth",
        "Randolph",
        "Raymond",
        "Richmond",
        "Rindge",
        "Rochester",
        "Rollinsford",
        "Roxbury",
        "Rumney",
        "Rye",
        "Salem",
        "Salisbury",
        "Sanbornton",
        "Sandown",
        "Sandwich",
        "Seabrook",
        "Sharon",
        "Shelburne",
        "Somersworth",
        "South Hampton",
        "Springfield",
        "Stark",
        "Stewartstown",
        "Stoddard",
        "Strafford",
        "Stratford",
        "Stratham",
        "Sugar Hill",
        "Sullivan",
        "Sunapee",
        "Surry",
        "Sutton",
        "Swanzey",
        "Tamworth",
        "Temple",
        "Thornton",
        "Tilton",
        "Troy",
        "Tuftonboro",
        "Unity",
        "Wakefield",
        "Walpole",
        "Warner",
        "Warren",
        "Washington",
        "Waterville Valley",
        "Weare",
        "Webster",
        "Wentworth",
        "Westmoreland",
        "Whitefield",
        "Wilmot",
        "Wilton",
        "Winchester",
        "Windham",
        "Windsor",
        "Wolfeboro",
        "Woodstock"
	]
}